<?xml version="1.0"?>
<!DOCTYPE hibernate-mapping PUBLIC
        "-//Hibernate/Hibernate Mapping DTD 3.0//EN"
        "http://www.hibernate.org/dtd/hibernate-mapping-3.0.dtd">

<!--
    用于映射User实体类,对应数据库中user表
-->
<hibernate-mapping package="com.cj.model">
    <class name="User" table="user">
        <!--属性id,映射表里的字段id-->
        <id name="uid" column="uid">
            <!--id的自增长方式采用数据库的本地方式-->
            <generator class="native"></generator>
        </id>
        <property name="name" />
        <property name="score" />
    </class>

</hibernate-mapping>